0,1
Datasets/captcha_images_v2/cd4eg.png,cd4eg
Datasets/captcha_images_v2/gm7n8.png,gm7n8
Datasets/captcha_images_v2/34fxm.png,34fxm
Datasets/captcha_images_v2/xyyyw.png,xyyyw
Datasets/captcha_images_v2/myc3c.png,myc3c
Datasets/captcha_images_v2/g3dy6.png,g3dy6
Datasets/captcha_images_v2/7wn74.png,7wn74
Datasets/captcha_images_v2/c2yn8.png,c2yn8
Datasets/captcha_images_v2/6wb76.png,6wb76
Datasets/captcha_images_v2/7fde7.png,7fde7
Datasets/captcha_images_v2/y33nm.png,y33nm
Datasets/captcha_images_v2/6fn84.png,6fn84
Datasets/captcha_images_v2/c4527.png,c4527
Datasets/captcha_images_v2/d22y5.png,d22y5
Datasets/captcha_images_v2/p8c24.png,p8c24
Datasets/captcha_images_v2/2w4y7.png,2w4y7
Datasets/captcha_images_v2/dw6mn.png,dw6mn
Datasets/captcha_images_v2/3mxdn.png,3mxdn
Datasets/captcha_images_v2/785n4.png,785n4
Datasets/captcha_images_v2/pm47f.png,pm47f
Datasets/captcha_images_v2/fg38b.png,fg38b
Datasets/captcha_images_v2/ffpxf.png,ffpxf
Datasets/captcha_images_v2/fp382.png,fp382
Datasets/captcha_images_v2/n5cm7.png,n5cm7
Datasets/captcha_images_v2/yf347.png,yf347
Datasets/captcha_images_v2/y4ec2.png,y4ec2
Datasets/captcha_images_v2/4cfw8.png,4cfw8
Datasets/captcha_images_v2/67dey.png,67dey
Datasets/captcha_images_v2/7pn5g.png,7pn5g
Datasets/captcha_images_v2/832f3.png,832f3
Datasets/captcha_images_v2/wdww8.png,wdww8
Datasets/captcha_images_v2/g78gn.png,g78gn
Datasets/captcha_images_v2/wxcn8.png,wxcn8
Datasets/captcha_images_v2/x4f7g.png,x4f7g
Datasets/captcha_images_v2/e76n4.png,e76n4
Datasets/captcha_images_v2/ng2gw.png,ng2gw
Datasets/captcha_images_v2/6end3.png,6end3
Datasets/captcha_images_v2/f85y3.png,f85y3
Datasets/captcha_images_v2/m5ym2.png,m5ym2
Datasets/captcha_images_v2/w4nfx.png,w4nfx
Datasets/captcha_images_v2/bf52c.png,bf52c
Datasets/captcha_images_v2/g7wxw.png,g7wxw
Datasets/captcha_images_v2/ddcdd.png,ddcdd
Datasets/captcha_images_v2/efgx5.png,efgx5
Datasets/captcha_images_v2/w52fn.png,w52fn
Datasets/captcha_images_v2/fwxdp.png,fwxdp
Datasets/captcha_images_v2/ne325.png,ne325
Datasets/captcha_images_v2/p57fn.png,p57fn
Datasets/captcha_images_v2/excmn.png,excmn
Datasets/captcha_images_v2/npxb7.png,npxb7
Datasets/captcha_images_v2/3n2b4.png,3n2b4
Datasets/captcha_images_v2/55w5c.png,55w5c
Datasets/captcha_images_v2/5wddw.png,5wddw
Datasets/captcha_images_v2/m5meg.png,m5meg
Datasets/captcha_images_v2/6ng6w.png,6ng6w
Datasets/captcha_images_v2/b4y5x.png,b4y5x
Datasets/captcha_images_v2/7d44m.png,7d44m
Datasets/captcha_images_v2/x4pnp.png,x4pnp
Datasets/captcha_images_v2/7yf62.png,7yf62
Datasets/captcha_images_v2/2en7g.png,2en7g
Datasets/captcha_images_v2/xgcxy.png,xgcxy
Datasets/captcha_images_v2/7dxbd.png,7dxbd
Datasets/captcha_images_v2/w4cdc.png,w4cdc
Datasets/captcha_images_v2/8gf7n.png,8gf7n
Datasets/captcha_images_v2/y4n6m.png,y4n6m
Datasets/captcha_images_v2/c4bgd.png,c4bgd
Datasets/captcha_images_v2/8n4n8.png,8n4n8
Datasets/captcha_images_v2/f4wfn.png,f4wfn
Datasets/captcha_images_v2/3p67n.png,3p67n
Datasets/captcha_images_v2/4433m.png,4433m
Datasets/captcha_images_v2/nnp4e.png,nnp4e
Datasets/captcha_images_v2/23n88.png,23n88
Datasets/captcha_images_v2/c482b.png,c482b
Datasets/captcha_images_v2/64m82.png,64m82
Datasets/captcha_images_v2/wecfd.png,wecfd
Datasets/captcha_images_v2/mmy5n.png,mmy5n
Datasets/captcha_images_v2/mw5p2.png,mw5p2
Datasets/captcha_images_v2/x458w.png,x458w
Datasets/captcha_images_v2/8w875.png,8w875
Datasets/captcha_images_v2/3dgmf.png,3dgmf
Datasets/captcha_images_v2/c86md.png,c86md
Datasets/captcha_images_v2/42dw4.png,42dw4
Datasets/captcha_images_v2/8c23f.png,8c23f
Datasets/captcha_images_v2/pnnwy.png,pnnwy
Datasets/captcha_images_v2/xw465.png,xw465
Datasets/captcha_images_v2/nnf8b.png,nnf8b
Datasets/captcha_images_v2/c6745.png,c6745
Datasets/captcha_images_v2/c4mcm.png,c4mcm
Datasets/captcha_images_v2/68wfd.png,68wfd
Datasets/captcha_images_v2/w6pxy.png,w6pxy
Datasets/captcha_images_v2/2p2y8.png,2p2y8
Datasets/captcha_images_v2/y866y.png,y866y
Datasets/captcha_images_v2/mnef5.png,mnef5
Datasets/captcha_images_v2/8np22.png,8np22
Datasets/captcha_images_v2/6mn8n.png,6mn8n
Datasets/captcha_images_v2/37ep6.png,37ep6
Datasets/captcha_images_v2/3b4we.png,3b4we
Datasets/captcha_images_v2/74853.png,74853
Datasets/captcha_images_v2/f5cm2.png,f5cm2
Datasets/captcha_images_v2/6n443.png,6n443
Datasets/captcha_images_v2/5npdn.png,5npdn
Datasets/captcha_images_v2/nxn4f.png,nxn4f
Datasets/captcha_images_v2/378e5.png,378e5
Datasets/captcha_images_v2/bwmee.png,bwmee
Datasets/captcha_images_v2/8pfxx.png,8pfxx
Datasets/captcha_images_v2/c8fxy.png,c8fxy
Datasets/captcha_images_v2/6e2dg.png,6e2dg
Datasets/captcha_images_v2/8n56m.png,8n56m
Datasets/captcha_images_v2/428b6.png,428b6
Datasets/captcha_images_v2/fp762.png,fp762
Datasets/captcha_images_v2/3x325.png,3x325
Datasets/captcha_images_v2/eng53.png,eng53
Datasets/captcha_images_v2/8n65n.png,8n65n
Datasets/captcha_images_v2/fcmem.png,fcmem
Datasets/captcha_images_v2/x76mn.png,x76mn
Datasets/captcha_images_v2/n7enn.png,n7enn
Datasets/captcha_images_v2/244e2.png,244e2
Datasets/captcha_images_v2/33ng4.png,33ng4
Datasets/captcha_images_v2/3bx86.png,3bx86
Datasets/captcha_images_v2/nfd8g.png,nfd8g
Datasets/captcha_images_v2/cwgyx.png,cwgyx
Datasets/captcha_images_v2/ef4np.png,ef4np
Datasets/captcha_images_v2/3p4nn.png,3p4nn
Datasets/captcha_images_v2/xwx7d.png,xwx7d
Datasets/captcha_images_v2/w2yp7.png,w2yp7
Datasets/captcha_images_v2/4fc36.png,4fc36
Datasets/captcha_images_v2/cnmnn.png,cnmnn
Datasets/captcha_images_v2/bdbb3.png,bdbb3
Datasets/captcha_images_v2/85622.png,85622
Datasets/captcha_images_v2/ny3nn.png,ny3nn
Datasets/captcha_images_v2/ddmyg.png,ddmyg
Datasets/captcha_images_v2/78eec.png,78eec
Datasets/captcha_images_v2/3pe4g.png,3pe4g
Datasets/captcha_images_v2/bpwd7.png,bpwd7
Datasets/captcha_images_v2/n5w5g.png,n5w5g
Datasets/captcha_images_v2/56m6y.png,56m6y
Datasets/captcha_images_v2/5gcd3.png,5gcd3
Datasets/captcha_images_v2/y5dpp.png,y5dpp
Datasets/captcha_images_v2/c2pg6.png,c2pg6
Datasets/captcha_images_v2/nxc83.png,nxc83
Datasets/captcha_images_v2/g7gnf.png,g7gnf
Datasets/captcha_images_v2/d7en3.png,d7en3
Datasets/captcha_images_v2/c43b4.png,c43b4
Datasets/captcha_images_v2/nf7bn.png,nf7bn
Datasets/captcha_images_v2/ccn2x.png,ccn2x
Datasets/captcha_images_v2/e25xg.png,e25xg
Datasets/captcha_images_v2/f2fge.png,f2fge
Datasets/captcha_images_v2/wm746.png,wm746
Datasets/captcha_images_v2/7g3nf.png,7g3nf
Datasets/captcha_images_v2/gp22x.png,gp22x
Datasets/captcha_images_v2/7xcyd.png,7xcyd
Datasets/captcha_images_v2/7wnpm.png,7wnpm
Datasets/captcha_images_v2/2enf4.png,2enf4
Datasets/captcha_images_v2/6ydyp.png,6ydyp
Datasets/captcha_images_v2/n265y.png,n265y
Datasets/captcha_images_v2/478nx.png,478nx
Datasets/captcha_images_v2/d66cn.png,d66cn
Datasets/captcha_images_v2/w46ep.png,w46ep
Datasets/captcha_images_v2/7y2x4.png,7y2x4
Datasets/captcha_images_v2/d22n7.png,d22n7
Datasets/captcha_images_v2/nbwpn.png,nbwpn
Datasets/captcha_images_v2/44xe8.png,44xe8
Datasets/captcha_images_v2/6ecbn.png,6ecbn
Datasets/captcha_images_v2/cfc2y.png,cfc2y
Datasets/captcha_images_v2/mdyp7.png,mdyp7
Datasets/captcha_images_v2/8npd5.png,8npd5
Datasets/captcha_images_v2/dw8d3.png,dw8d3
Datasets/captcha_images_v2/pn7pn.png,pn7pn
Datasets/captcha_images_v2/nbfx5.png,nbfx5
Datasets/captcha_images_v2/5np4m.png,5np4m
Datasets/captcha_images_v2/7634y.png,7634y
Datasets/captcha_images_v2/ddnpf.png,ddnpf
Datasets/captcha_images_v2/ccf2w.png,ccf2w
Datasets/captcha_images_v2/wyc25.png,wyc25
Datasets/captcha_images_v2/fc6xb.png,fc6xb
Datasets/captcha_images_v2/e46yw.png,e46yw
Datasets/captcha_images_v2/yw667.png,yw667
Datasets/captcha_images_v2/d75b5.png,d75b5
Datasets/captcha_images_v2/gxxpf.png,gxxpf
Datasets/captcha_images_v2/d3c8y.png,d3c8y
Datasets/captcha_images_v2/edwny.png,edwny
Datasets/captcha_images_v2/e46pd.png,e46pd
Datasets/captcha_images_v2/3den6.png,3den6
Datasets/captcha_images_v2/dd764.png,dd764
Datasets/captcha_images_v2/pme86.png,pme86
Datasets/captcha_images_v2/b685n.png,b685n
Datasets/captcha_images_v2/y5g87.png,y5g87
Datasets/captcha_images_v2/cwmny.png,cwmny
Datasets/captcha_images_v2/ewnx8.png,ewnx8
Datasets/captcha_images_v2/defyx.png,defyx
Datasets/captcha_images_v2/nw5b2.png,nw5b2
Datasets/captcha_images_v2/be3bp.png,be3bp
Datasets/captcha_images_v2/7dwx4.png,7dwx4
Datasets/captcha_images_v2/7fmcy.png,7fmcy
Datasets/captcha_images_v2/4egem.png,4egem
Datasets/captcha_images_v2/n4wwn.png,n4wwn
Datasets/captcha_images_v2/226md.png,226md
Datasets/captcha_images_v2/m4g8g.png,m4g8g
Datasets/captcha_images_v2/4b2pw.png,4b2pw
Datasets/captcha_images_v2/myf82.png,myf82
Datasets/captcha_images_v2/xnfx5.png,xnfx5
Datasets/captcha_images_v2/xbem6.png,xbem6
Datasets/captcha_images_v2/4gycb.png,4gycb
Datasets/captcha_images_v2/n8pfe.png,n8pfe
Datasets/captcha_images_v2/2nf26.png,2nf26
Datasets/captcha_images_v2/yyn57.png,yyn57
Datasets/captcha_images_v2/ng756.png,ng756
Datasets/captcha_images_v2/36nx4.png,36nx4
Datasets/captcha_images_v2/6p2ge.png,6p2ge
Datasets/captcha_images_v2/3ye2e.png,3ye2e
Datasets/captcha_images_v2/d2ycw.png,d2ycw
Datasets/captcha_images_v2/en32e.png,en32e
Datasets/captcha_images_v2/deep5.png,deep5
Datasets/captcha_images_v2/mg5nn.png,mg5nn
Datasets/captcha_images_v2/bp6mw.png,bp6mw
Datasets/captcha_images_v2/bdg84.png,bdg84
Datasets/captcha_images_v2/264m5.png,264m5
Datasets/captcha_images_v2/d8xcn.png,d8xcn
Datasets/captcha_images_v2/xbcbx.png,xbcbx
Datasets/captcha_images_v2/xngxc.png,xngxc
Datasets/captcha_images_v2/p4pde.png,p4pde
Datasets/captcha_images_v2/bny4w.png,bny4w
Datasets/captcha_images_v2/2yggg.png,2yggg
Datasets/captcha_images_v2/4n2yg.png,4n2yg
Datasets/captcha_images_v2/8db67.png,8db67
Datasets/captcha_images_v2/77wp4.png,77wp4
Datasets/captcha_images_v2/fcne6.png,fcne6
Datasets/captcha_images_v2/dfnx4.png,dfnx4
Datasets/captcha_images_v2/4743p.png,4743p
Datasets/captcha_images_v2/8d8ep.png,8d8ep
Datasets/captcha_images_v2/4nc37.png,4nc37
Datasets/captcha_images_v2/3nnpw.png,3nnpw
Datasets/captcha_images_v2/ngn26.png,ngn26
Datasets/captcha_images_v2/2npg6.png,2npg6
Datasets/captcha_images_v2/nb45d.png,nb45d
Datasets/captcha_images_v2/2x7bm.png,2x7bm
Datasets/captcha_images_v2/nxx25.png,nxx25
Datasets/captcha_images_v2/wwmn6.png,wwmn6
Datasets/captcha_images_v2/pp546.png,pp546
Datasets/captcha_images_v2/n7ff2.png,n7ff2
Datasets/captcha_images_v2/3x5fm.png,3x5fm
Datasets/captcha_images_v2/e5n66.png,e5n66
Datasets/captcha_images_v2/befbd.png,befbd
Datasets/captcha_images_v2/pf4nb.png,pf4nb
Datasets/captcha_images_v2/bd3b7.png,bd3b7
Datasets/captcha_images_v2/ncyx8.png,ncyx8
Datasets/captcha_images_v2/b5fm7.png,b5fm7
Datasets/captcha_images_v2/x277e.png,x277e
Datasets/captcha_images_v2/28x47.png,28x47
Datasets/captcha_images_v2/b26nd.png,b26nd
Datasets/captcha_images_v2/ennmm.png,ennmm
Datasets/captcha_images_v2/x2cnn.png,x2cnn
Datasets/captcha_images_v2/mgw3n.png,mgw3n
Datasets/captcha_images_v2/fncnb.png,fncnb
Datasets/captcha_images_v2/b5dn4.png,b5dn4
Datasets/captcha_images_v2/82fx2.png,82fx2
Datasets/captcha_images_v2/w8f36.png,w8f36
Datasets/captcha_images_v2/c6f8g.png,c6f8g
Datasets/captcha_images_v2/bw6n6.png,bw6n6
Datasets/captcha_images_v2/yfdn7.png,yfdn7
Datasets/captcha_images_v2/f6ww8.png,f6ww8
Datasets/captcha_images_v2/pyf65.png,pyf65
Datasets/captcha_images_v2/25m6p.png,25m6p
Datasets/captcha_images_v2/nbwnn.png,nbwnn
Datasets/captcha_images_v2/nnn5p.png,nnn5p
Datasets/captcha_images_v2/77387.png,77387
Datasets/captcha_images_v2/mxyxw.png,mxyxw
Datasets/captcha_images_v2/wfy5m.png,wfy5m
Datasets/captcha_images_v2/7p852.png,7p852
Datasets/captcha_images_v2/8gecm.png,8gecm
Datasets/captcha_images_v2/nfg23.png,nfg23
Datasets/captcha_images_v2/cfw6e.png,cfw6e
Datasets/captcha_images_v2/dyp7n.png,dyp7n
Datasets/captcha_images_v2/43p5d.png,43p5d
Datasets/captcha_images_v2/y3c58.png,y3c58
Datasets/captcha_images_v2/w2n7e.png,w2n7e
Datasets/captcha_images_v2/cdf77.png,cdf77
Datasets/captcha_images_v2/f4fn2.png,f4fn2
Datasets/captcha_images_v2/wm47f.png,wm47f
Datasets/captcha_images_v2/63pxe.png,63pxe
Datasets/captcha_images_v2/4m2w5.png,4m2w5
Datasets/captcha_images_v2/mn5c4.png,mn5c4
Datasets/captcha_images_v2/e6m6p.png,e6m6p
Datasets/captcha_images_v2/e7nx4.png,e7nx4
Datasets/captcha_images_v2/4nnf3.png,4nnf3
Datasets/captcha_images_v2/nxcmn.png,nxcmn
Datasets/captcha_images_v2/7pcd7.png,7pcd7
Datasets/captcha_images_v2/nmw46.png,nmw46
Datasets/captcha_images_v2/5f3gf.png,5f3gf
Datasets/captcha_images_v2/nm46n.png,nm46n
Datasets/captcha_images_v2/8e32m.png,8e32m
Datasets/captcha_images_v2/5yxgp.png,5yxgp
Datasets/captcha_images_v2/7dgc2.png,7dgc2
Datasets/captcha_images_v2/33b22.png,33b22
Datasets/captcha_images_v2/y5w28.png,y5w28
Datasets/captcha_images_v2/y7d75.png,y7d75
Datasets/captcha_images_v2/w6yne.png,w6yne
Datasets/captcha_images_v2/ydd3g.png,ydd3g
Datasets/captcha_images_v2/n5n8b.png,n5n8b
Datasets/captcha_images_v2/n6nn2.png,n6nn2
Datasets/captcha_images_v2/25257.png,25257
Datasets/captcha_images_v2/8y63f.png,8y63f
Datasets/captcha_images_v2/x37bf.png,x37bf
Datasets/captcha_images_v2/fp5wn.png,fp5wn
Datasets/captcha_images_v2/ycmcw.png,ycmcw
Datasets/captcha_images_v2/gm6nn.png,gm6nn
Datasets/captcha_images_v2/yd755.png,yd755
Datasets/captcha_images_v2/ppx77.png,ppx77
Datasets/captcha_images_v2/mcg43.png,mcg43
Datasets/captcha_images_v2/ec6pm.png,ec6pm
Datasets/captcha_images_v2/6e6pn.png,6e6pn
Datasets/captcha_images_v2/y2xg4.png,y2xg4
Datasets/captcha_images_v2/dbex3.png,dbex3
Datasets/captcha_images_v2/gegw4.png,gegw4
Datasets/captcha_images_v2/e8e5e.png,e8e5e
Datasets/captcha_images_v2/8n5pn.png,8n5pn
Datasets/captcha_images_v2/3nfdn.png,3nfdn
Datasets/captcha_images_v2/n336e.png,n336e
Datasets/captcha_images_v2/w4x2m.png,w4x2m
Datasets/captcha_images_v2/b84xc.png,b84xc
Datasets/captcha_images_v2/24pew.png,24pew
Datasets/captcha_images_v2/4cn7b.png,4cn7b
Datasets/captcha_images_v2/y7x8p.png,y7x8p
Datasets/captcha_images_v2/xe6eb.png,xe6eb
Datasets/captcha_images_v2/6bdn5.png,6bdn5
Datasets/captcha_images_v2/w48cw.png,w48cw
Datasets/captcha_images_v2/m23bp.png,m23bp
Datasets/captcha_images_v2/yx2d4.png,yx2d4
Datasets/captcha_images_v2/bmxpe.png,bmxpe
Datasets/captcha_images_v2/8ypdn.png,8ypdn
Datasets/captcha_images_v2/d3c7y.png,d3c7y
Datasets/captcha_images_v2/m3b5p.png,m3b5p
Datasets/captcha_images_v2/p2x7x.png,p2x7x
Datasets/captcha_images_v2/7bb7b.png,7bb7b
Datasets/captcha_images_v2/gd8fb.png,gd8fb
Datasets/captcha_images_v2/n8ydd.png,n8ydd
Datasets/captcha_images_v2/8bbw8.png,8bbw8
Datasets/captcha_images_v2/ny5dp.png,ny5dp
Datasets/captcha_images_v2/8eggg.png,8eggg
Datasets/captcha_images_v2/ee8fg.png,ee8fg
Datasets/captcha_images_v2/28348.png,28348
Datasets/captcha_images_v2/ndyfe.png,ndyfe
Datasets/captcha_images_v2/cewnm.png,cewnm
Datasets/captcha_images_v2/6cwxe.png,6cwxe
Datasets/captcha_images_v2/5ep3n.png,5ep3n
Datasets/captcha_images_v2/f364x.png,f364x
Datasets/captcha_images_v2/x74b2.png,x74b2
Datasets/captcha_images_v2/gcx6f.png,gcx6f
Datasets/captcha_images_v2/677g3.png,677g3
Datasets/captcha_images_v2/675p3.png,675p3
Datasets/captcha_images_v2/px8n8.png,px8n8
Datasets/captcha_images_v2/yeyn4.png,yeyn4
Datasets/captcha_images_v2/x5f54.png,x5f54
Datasets/captcha_images_v2/7xd5m.png,7xd5m
Datasets/captcha_images_v2/6gnm3.png,6gnm3
Datasets/captcha_images_v2/y4g3b.png,y4g3b
Datasets/captcha_images_v2/n8fp6.png,n8fp6
Datasets/captcha_images_v2/x6pdb.png,x6pdb
Datasets/captcha_images_v2/y2ye8.png,y2ye8
Datasets/captcha_images_v2/5p3mm.png,5p3mm
Datasets/captcha_images_v2/n3ffn.png,n3ffn
Datasets/captcha_images_v2/3bd8f.png,3bd8f
Datasets/captcha_images_v2/245y5.png,245y5
Datasets/captcha_images_v2/3nw7w.png,3nw7w
Datasets/captcha_images_v2/pym7p.png,pym7p
Datasets/captcha_images_v2/dbfen.png,dbfen
Datasets/captcha_images_v2/x4gg5.png,x4gg5
Datasets/captcha_images_v2/8fexn.png,8fexn
Datasets/captcha_images_v2/bny23.png,bny23
Datasets/captcha_images_v2/nfndw.png,nfndw
Datasets/captcha_images_v2/cc845.png,cc845
Datasets/captcha_images_v2/cd6p4.png,cd6p4
Datasets/captcha_images_v2/xfgxb.png,xfgxb
Datasets/captcha_images_v2/f74x3.png,f74x3
Datasets/captcha_images_v2/728n8.png,728n8
Datasets/captcha_images_v2/f6ne5.png,f6ne5
Datasets/captcha_images_v2/c6we6.png,c6we6
Datasets/captcha_images_v2/n7g4f.png,n7g4f
Datasets/captcha_images_v2/wye85.png,wye85
Datasets/captcha_images_v2/p2dw7.png,p2dw7
Datasets/captcha_images_v2/nbmx7.png,nbmx7
Datasets/captcha_images_v2/pgwnp.png,pgwnp
Datasets/captcha_images_v2/d378n.png,d378n
Datasets/captcha_images_v2/2ycn8.png,2ycn8
Datasets/captcha_images_v2/nngxc.png,nngxc
Datasets/captcha_images_v2/mbf58.png,mbf58
Datasets/captcha_images_v2/cy3nw.png,cy3nw
Datasets/captcha_images_v2/g6n7x.png,g6n7x
Datasets/captcha_images_v2/6ng6n.png,6ng6n
Datasets/captcha_images_v2/nm248.png,nm248
Datasets/captcha_images_v2/b43nw.png,b43nw
Datasets/captcha_images_v2/pw5nc.png,pw5nc
Datasets/captcha_images_v2/6p7gx.png,6p7gx
Datasets/captcha_images_v2/65ebm.png,65ebm
Datasets/captcha_images_v2/2xc2n.png,2xc2n
Datasets/captcha_images_v2/pybee.png,pybee
Datasets/captcha_images_v2/mcc2x.png,mcc2x
Datasets/captcha_images_v2/pwmbn.png,pwmbn
Datasets/captcha_images_v2/c3n8x.png,c3n8x
Datasets/captcha_images_v2/n7ebx.png,n7ebx
Datasets/captcha_images_v2/2cegf.png,2cegf
Datasets/captcha_images_v2/88y52.png,88y52
Datasets/captcha_images_v2/pm363.png,pm363
Datasets/captcha_images_v2/5ywwf.png,5ywwf
Datasets/captcha_images_v2/mcyfx.png,mcyfx
Datasets/captcha_images_v2/ggd7m.png,ggd7m
Datasets/captcha_images_v2/cdmn8.png,cdmn8
Datasets/captcha_images_v2/xce8d.png,xce8d
Datasets/captcha_images_v2/exycn.png,exycn
Datasets/captcha_images_v2/gxx2p.png,gxx2p
Datasets/captcha_images_v2/cen55.png,cen55
Datasets/captcha_images_v2/yd3m3.png,yd3m3
Datasets/captcha_images_v2/33p4e.png,33p4e
Datasets/captcha_images_v2/d2nbn.png,d2nbn
Datasets/captcha_images_v2/47m2b.png,47m2b
Datasets/captcha_images_v2/x3fwf.png,x3fwf
Datasets/captcha_images_v2/by5y3.png,by5y3
Datasets/captcha_images_v2/egxmp.png,egxmp
Datasets/captcha_images_v2/3ym7f.png,3ym7f
Datasets/captcha_images_v2/f7cey.png,f7cey
Datasets/captcha_images_v2/36bc2.png,36bc2
Datasets/captcha_images_v2/ncww7.png,ncww7
Datasets/captcha_images_v2/ndg2b.png,ndg2b
Datasets/captcha_images_v2/e4gd7.png,e4gd7
Datasets/captcha_images_v2/pmd3w.png,pmd3w
Datasets/captcha_images_v2/8n34n.png,8n34n
Datasets/captcha_images_v2/pxdwp.png,pxdwp
Datasets/captcha_images_v2/n7dyb.png,n7dyb
Datasets/captcha_images_v2/5n3w4.png,5n3w4
Datasets/captcha_images_v2/feyc8.png,feyc8
Datasets/captcha_images_v2/pdyc8.png,pdyc8
Datasets/captcha_images_v2/m6n4x.png,m6n4x
Datasets/captcha_images_v2/6pfy4.png,6pfy4
Datasets/captcha_images_v2/3bnyf.png,3bnyf
Datasets/captcha_images_v2/8n2pg.png,8n2pg
Datasets/captcha_images_v2/bcwnn.png,bcwnn
Datasets/captcha_images_v2/6wnyc.png,6wnyc
Datasets/captcha_images_v2/bm3p8.png,bm3p8
Datasets/captcha_images_v2/f5e5e.png,f5e5e
Datasets/captcha_images_v2/6c3n6.png,6c3n6
Datasets/captcha_images_v2/32dnn.png,32dnn
Datasets/captcha_images_v2/5xd2e.png,5xd2e
Datasets/captcha_images_v2/8nn73.png,8nn73
Datasets/captcha_images_v2/xp24p.png,xp24p
Datasets/captcha_images_v2/cfn53.png,cfn53
Datasets/captcha_images_v2/87d4c.png,87d4c
Datasets/captcha_images_v2/6fgdw.png,6fgdw
Datasets/captcha_images_v2/c7gb3.png,c7gb3
Datasets/captcha_images_v2/gcfgp.png,gcfgp
Datasets/captcha_images_v2/cwdnx.png,cwdnx
Datasets/captcha_images_v2/62nb3.png,62nb3
Datasets/captcha_images_v2/y32yy.png,y32yy
Datasets/captcha_images_v2/3ny45.png,3ny45
Datasets/captcha_images_v2/2pfpn.png,2pfpn
Datasets/captcha_images_v2/n5wbg.png,n5wbg
Datasets/captcha_images_v2/yf28d.png,yf28d
Datasets/captcha_images_v2/fp3wy.png,fp3wy
Datasets/captcha_images_v2/5nxnn.png,5nxnn
Datasets/captcha_images_v2/g8gnd.png,g8gnd
Datasets/captcha_images_v2/yxd7m.png,yxd7m
Datasets/captcha_images_v2/c753e.png,c753e
Datasets/captcha_images_v2/53wb8.png,53wb8
Datasets/captcha_images_v2/n2gmg.png,n2gmg
Datasets/captcha_images_v2/mdxpn.png,mdxpn
Datasets/captcha_images_v2/43xfe.png,43xfe
Datasets/captcha_images_v2/p8wwf.png,p8wwf
Datasets/captcha_images_v2/fcey3.png,fcey3
Datasets/captcha_images_v2/7b4bm.png,7b4bm
Datasets/captcha_images_v2/ypp8f.png,ypp8f
Datasets/captcha_images_v2/neecd.png,neecd
Datasets/captcha_images_v2/b5pnn.png,b5pnn
Datasets/captcha_images_v2/w7e6m.png,w7e6m
Datasets/captcha_images_v2/w75w8.png,w75w8
Datasets/captcha_images_v2/nybcx.png,nybcx
Datasets/captcha_images_v2/gc2wd.png,gc2wd
Datasets/captcha_images_v2/3ndxd.png,3ndxd
Datasets/captcha_images_v2/gnf85.png,gnf85
Datasets/captcha_images_v2/xnn4d.png,xnn4d
Datasets/captcha_images_v2/bn5mw.png,bn5mw
Datasets/captcha_images_v2/c3572.png,c3572
Datasets/captcha_images_v2/4yc85.png,4yc85
Datasets/captcha_images_v2/7cgym.png,7cgym
Datasets/captcha_images_v2/4gb3f.png,4gb3f
Datasets/captcha_images_v2/ppwyd.png,ppwyd
Datasets/captcha_images_v2/g3ex3.png,g3ex3
Datasets/captcha_images_v2/38n57.png,38n57
Datasets/captcha_images_v2/p2ym2.png,p2ym2
Datasets/captcha_images_v2/pgg3n.png,pgg3n
Datasets/captcha_images_v2/mggce.png,mggce
Datasets/captcha_images_v2/e3ndn.png,e3ndn
Datasets/captcha_images_v2/xcmbp.png,xcmbp
Datasets/captcha_images_v2/mye68.png,mye68
Datasets/captcha_images_v2/xe8xm.png,xe8xm
Datasets/captcha_images_v2/gy5bf.png,gy5bf
Datasets/captcha_images_v2/556wd.png,556wd
Datasets/captcha_images_v2/658xe.png,658xe
Datasets/captcha_images_v2/gpnxn.png,gpnxn
Datasets/captcha_images_v2/n4cpy.png,n4cpy
Datasets/captcha_images_v2/xfn6n.png,xfn6n
Datasets/captcha_images_v2/6e554.png,6e554
Datasets/captcha_images_v2/5xwcg.png,5xwcg
Datasets/captcha_images_v2/6g45w.png,6g45w
Datasets/captcha_images_v2/wxy4n.png,wxy4n
Datasets/captcha_images_v2/63824.png,63824
Datasets/captcha_images_v2/b28g8.png,b28g8
Datasets/captcha_images_v2/c4bny.png,c4bny
Datasets/captcha_images_v2/8b735.png,8b735
Datasets/captcha_images_v2/m67b3.png,m67b3
Datasets/captcha_images_v2/2b827.png,2b827
Datasets/captcha_images_v2/gc83b.png,gc83b
Datasets/captcha_images_v2/65m85.png,65m85
Datasets/captcha_images_v2/445cc.png,445cc
Datasets/captcha_images_v2/dmx8p.png,dmx8p
Datasets/captcha_images_v2/gwn53.png,gwn53
Datasets/captcha_images_v2/mpxfb.png,mpxfb
Datasets/captcha_images_v2/mmg2m.png,mmg2m
Datasets/captcha_images_v2/nb267.png,nb267
Datasets/captcha_images_v2/edg3p.png,edg3p
Datasets/captcha_images_v2/m2nf4.png,m2nf4
Datasets/captcha_images_v2/8cccc.png,8cccc
Datasets/captcha_images_v2/6b46g.png,6b46g
Datasets/captcha_images_v2/5bgp2.png,5bgp2
Datasets/captcha_images_v2/md344.png,md344
Datasets/captcha_images_v2/44c22.png,44c22
Datasets/captcha_images_v2/8wy7d.png,8wy7d
Datasets/captcha_images_v2/8c2wy.png,8c2wy
Datasets/captcha_images_v2/x7422.png,x7422
Datasets/captcha_images_v2/n373n.png,n373n
Datasets/captcha_images_v2/xyncc.png,xyncc
Datasets/captcha_images_v2/6ge3p.png,6ge3p
Datasets/captcha_images_v2/de7f8.png,de7f8
Datasets/captcha_images_v2/p5nce.png,p5nce
Datasets/captcha_images_v2/f228n.png,f228n
Datasets/captcha_images_v2/be6np.png,be6np
Datasets/captcha_images_v2/nfbg8.png,nfbg8
Datasets/captcha_images_v2/ng6yp.png,ng6yp
Datasets/captcha_images_v2/cm6yb.png,cm6yb
Datasets/captcha_images_v2/4n3mn.png,4n3mn
Datasets/captcha_images_v2/bw5nf.png,bw5nf
Datasets/captcha_images_v2/243mm.png,243mm
Datasets/captcha_images_v2/377xx.png,377xx
Datasets/captcha_images_v2/fywb8.png,fywb8
Datasets/captcha_images_v2/2gyb6.png,2gyb6
Datasets/captcha_images_v2/5pm6b.png,5pm6b
Datasets/captcha_images_v2/emwpn.png,emwpn
Datasets/captcha_images_v2/gn2d3.png,gn2d3
Datasets/captcha_images_v2/24f6w.png,24f6w
Datasets/captcha_images_v2/88bgx.png,88bgx
Datasets/captcha_images_v2/75pfw.png,75pfw
Datasets/captcha_images_v2/ncfgb.png,ncfgb
Datasets/captcha_images_v2/dc436.png,dc436
Datasets/captcha_images_v2/b2g8e.png,b2g8e
Datasets/captcha_images_v2/y5n6d.png,y5n6d
Datasets/captcha_images_v2/nwg2m.png,nwg2m
Datasets/captcha_images_v2/wg625.png,wg625
Datasets/captcha_images_v2/dyxnc.png,dyxnc
Datasets/captcha_images_v2/cdcb3.png,cdcb3
Datasets/captcha_images_v2/pg4bf.png,pg4bf
Datasets/captcha_images_v2/bw44w.png,bw44w
Datasets/captcha_images_v2/72m6f.png,72m6f
Datasets/captcha_images_v2/nbf8m.png,nbf8m
Datasets/captcha_images_v2/dw3nn.png,dw3nn
Datasets/captcha_images_v2/dmxp8.png,dmxp8
Datasets/captcha_images_v2/488de.png,488de
Datasets/captcha_images_v2/4w6mw.png,4w6mw
Datasets/captcha_images_v2/n5x2n.png,n5x2n
Datasets/captcha_images_v2/f75cx.png,f75cx
Datasets/captcha_images_v2/bp2d4.png,bp2d4
Datasets/captcha_images_v2/w8bnx.png,w8bnx
Datasets/captcha_images_v2/42nxy.png,42nxy
Datasets/captcha_images_v2/m448b.png,m448b
Datasets/captcha_images_v2/gfbx6.png,gfbx6
Datasets/captcha_images_v2/efb3f.png,efb3f
Datasets/captcha_images_v2/537nf.png,537nf
Datasets/captcha_images_v2/n4b4m.png,n4b4m
Datasets/captcha_images_v2/dn5df.png,dn5df
Datasets/captcha_images_v2/xnnc3.png,xnnc3
Datasets/captcha_images_v2/5bb66.png,5bb66
Datasets/captcha_images_v2/pxne8.png,pxne8
Datasets/captcha_images_v2/823p2.png,823p2
Datasets/captcha_images_v2/6b4w6.png,6b4w6
Datasets/captcha_images_v2/n3x4c.png,n3x4c
Datasets/captcha_images_v2/3g2w6.png,3g2w6
Datasets/captcha_images_v2/nnfx3.png,nnfx3
Datasets/captcha_images_v2/x5nyn.png,x5nyn
Datasets/captcha_images_v2/wnmyn.png,wnmyn
Datasets/captcha_images_v2/d4ppy.png,d4ppy
Datasets/captcha_images_v2/xdn65.png,xdn65
Datasets/captcha_images_v2/2cg58.png,2cg58
Datasets/captcha_images_v2/cffp4.png,cffp4
Datasets/captcha_images_v2/yg5bb.png,yg5bb
Datasets/captcha_images_v2/8g4yp.png,8g4yp
Datasets/captcha_images_v2/nf8b8.png,nf8b8
Datasets/captcha_images_v2/662bw.png,662bw
Datasets/captcha_images_v2/34b84.png,34b84
Datasets/captcha_images_v2/33f7m.png,33f7m
Datasets/captcha_images_v2/e2d66.png,e2d66
Datasets/captcha_images_v2/6dd2y.png,6dd2y
Datasets/captcha_images_v2/74eyg.png,74eyg
Datasets/captcha_images_v2/wddcp.png,wddcp
Datasets/captcha_images_v2/4dgf7.png,4dgf7
Datasets/captcha_images_v2/8xef7.png,8xef7
Datasets/captcha_images_v2/6cm6m.png,6cm6m
Datasets/captcha_images_v2/34pcn.png,34pcn
Datasets/captcha_images_v2/xf4p4.png,xf4p4
Datasets/captcha_images_v2/6xpme.png,6xpme
Datasets/captcha_images_v2/efg72.png,efg72
Datasets/captcha_images_v2/cnwyc.png,cnwyc
Datasets/captcha_images_v2/5mcy7.png,5mcy7
Datasets/captcha_images_v2/dcnp8.png,dcnp8
Datasets/captcha_images_v2/2nbcx.png,2nbcx
Datasets/captcha_images_v2/gfxcc.png,gfxcc
Datasets/captcha_images_v2/p2m6n.png,p2m6n
Datasets/captcha_images_v2/efx34.png,efx34
Datasets/captcha_images_v2/mmg38.png,mmg38
Datasets/captcha_images_v2/cfc56.png,cfc56
Datasets/captcha_images_v2/8w754.png,8w754
Datasets/captcha_images_v2/pg2yx.png,pg2yx
Datasets/captcha_images_v2/268g2.png,268g2
Datasets/captcha_images_v2/8d2nd.png,8d2nd
Datasets/captcha_images_v2/n464c.png,n464c
Datasets/captcha_images_v2/7dyww.png,7dyww
Datasets/captcha_images_v2/73mnx.png,73mnx
Datasets/captcha_images_v2/57b27.png,57b27
Datasets/captcha_images_v2/4f8yp.png,4f8yp
Datasets/captcha_images_v2/x7746.png,x7746
Datasets/captcha_images_v2/m4fd8.png,m4fd8
Datasets/captcha_images_v2/5325m.png,5325m
Datasets/captcha_images_v2/368y5.png,368y5
Datasets/captcha_images_v2/p4nm4.png,p4nm4
Datasets/captcha_images_v2/fbp2c.png,fbp2c
Datasets/captcha_images_v2/dmw8n.png,dmw8n
Datasets/captcha_images_v2/4fp5g.png,4fp5g
Datasets/captcha_images_v2/x6b5m.png,x6b5m
Datasets/captcha_images_v2/wd2gb.png,wd2gb
Datasets/captcha_images_v2/bgd4m.png,bgd4m
Datasets/captcha_images_v2/dd5w5.png,dd5w5
Datasets/captcha_images_v2/n7meb.png,n7meb
Datasets/captcha_images_v2/bnc5f.png,bnc5f
Datasets/captcha_images_v2/y48c3.png,y48c3
Datasets/captcha_images_v2/e72cd.png,e72cd
Datasets/captcha_images_v2/xc68n.png,xc68n
Datasets/captcha_images_v2/6n5fd.png,6n5fd
Datasets/captcha_images_v2/3d7bd.png,3d7bd
Datasets/captcha_images_v2/pp87n.png,pp87n
Datasets/captcha_images_v2/cx3wg.png,cx3wg
Datasets/captcha_images_v2/47e4p.png,47e4p
Datasets/captcha_images_v2/6825y.png,6825y
Datasets/captcha_images_v2/m457d.png,m457d
Datasets/captcha_images_v2/64b3p.png,64b3p
Datasets/captcha_images_v2/44ype.png,44ype
Datasets/captcha_images_v2/5p8fm.png,5p8fm
Datasets/captcha_images_v2/mxnw4.png,mxnw4
Datasets/captcha_images_v2/fw3b2.png,fw3b2
Datasets/captcha_images_v2/4dw3w.png,4dw3w
Datasets/captcha_images_v2/2g783.png,2g783
Datasets/captcha_images_v2/pdw38.png,pdw38
Datasets/captcha_images_v2/5mgn4.png,5mgn4
Datasets/captcha_images_v2/5g5e5.png,5g5e5
Datasets/captcha_images_v2/nn4wx.png,nn4wx
Datasets/captcha_images_v2/ygfwe.png,ygfwe
Datasets/captcha_images_v2/x775w.png,x775w
Datasets/captcha_images_v2/mddgb.png,mddgb
Datasets/captcha_images_v2/mfc35.png,mfc35
Datasets/captcha_images_v2/22d5n.png,22d5n
Datasets/captcha_images_v2/ewcf5.png,ewcf5
Datasets/captcha_images_v2/de45x.png,de45x
Datasets/captcha_images_v2/gewfy.png,gewfy
Datasets/captcha_images_v2/3w2bw.png,3w2bw
Datasets/captcha_images_v2/7gmf3.png,7gmf3
Datasets/captcha_images_v2/b55d6.png,b55d6
Datasets/captcha_images_v2/gbxyy.png,gbxyy
Datasets/captcha_images_v2/678w3.png,678w3
Datasets/captcha_images_v2/e6b7y.png,e6b7y
Datasets/captcha_images_v2/ecd4w.png,ecd4w
Datasets/captcha_images_v2/gymmn.png,gymmn
Datasets/captcha_images_v2/wnpec.png,wnpec
Datasets/captcha_images_v2/325fb.png,325fb
Datasets/captcha_images_v2/men4f.png,men4f
Datasets/captcha_images_v2/b3xpn.png,b3xpn
Datasets/captcha_images_v2/d3ycn.png,d3ycn
Datasets/captcha_images_v2/5bnd7.png,5bnd7
Datasets/captcha_images_v2/yemy4.png,yemy4
Datasets/captcha_images_v2/5bg8f.png,5bg8f
Datasets/captcha_images_v2/xf5g7.png,xf5g7
Datasets/captcha_images_v2/573d8.png,573d8
Datasets/captcha_images_v2/dxwcw.png,dxwcw
Datasets/captcha_images_v2/mmc5n.png,mmc5n
Datasets/captcha_images_v2/g888x.png,g888x
Datasets/captcha_images_v2/2nx38.png,2nx38
Datasets/captcha_images_v2/cg5dd.png,cg5dd
Datasets/captcha_images_v2/mwxwp.png,mwxwp
Datasets/captcha_images_v2/ndecc.png,ndecc
Datasets/captcha_images_v2/f2m8n.png,f2m8n
Datasets/captcha_images_v2/cdfen.png,cdfen
Datasets/captcha_images_v2/3ebpw.png,3ebpw
Datasets/captcha_images_v2/gng6e.png,gng6e
Datasets/captcha_images_v2/6bnnm.png,6bnnm
Datasets/captcha_images_v2/bbymy.png,bbymy
Datasets/captcha_images_v2/8n62n.png,8n62n
Datasets/captcha_images_v2/76n7p.png,76n7p
Datasets/captcha_images_v2/yyg5g.png,yyg5g
Datasets/captcha_images_v2/n6f4b.png,n6f4b
Datasets/captcha_images_v2/d6fcn.png,d6fcn
Datasets/captcha_images_v2/pwebm.png,pwebm
Datasets/captcha_images_v2/gnbde.png,gnbde
Datasets/captcha_images_v2/ndme7.png,ndme7
Datasets/captcha_images_v2/y53c2.png,y53c2
Datasets/captcha_images_v2/dy3cx.png,dy3cx
Datasets/captcha_images_v2/43gey.png,43gey
Datasets/captcha_images_v2/pcede.png,pcede
Datasets/captcha_images_v2/dn26n.png,dn26n
Datasets/captcha_images_v2/8nbew.png,8nbew
Datasets/captcha_images_v2/dbny3.png,dbny3
Datasets/captcha_images_v2/c55c6.png,c55c6
Datasets/captcha_images_v2/gw468.png,gw468
Datasets/captcha_images_v2/8gmnx.png,8gmnx
Datasets/captcha_images_v2/d7c5x.png,d7c5x
Datasets/captcha_images_v2/b2nen.png,b2nen
Datasets/captcha_images_v2/nmy2x.png,nmy2x
Datasets/captcha_images_v2/574d7.png,574d7
Datasets/captcha_images_v2/55y2m.png,55y2m
Datasets/captcha_images_v2/ydg8n.png,ydg8n
Datasets/captcha_images_v2/nd5wg.png,nd5wg
Datasets/captcha_images_v2/mb4en.png,mb4en
Datasets/captcha_images_v2/2n73f.png,2n73f
Datasets/captcha_images_v2/3bfnd.png,3bfnd
Datasets/captcha_images_v2/pwn5e.png,pwn5e
Datasets/captcha_images_v2/xdcn4.png,xdcn4
Datasets/captcha_images_v2/4c8n8.png,4c8n8
Datasets/captcha_images_v2/664nf.png,664nf
Datasets/captcha_images_v2/4ycex.png,4ycex
Datasets/captcha_images_v2/5mf7c.png,5mf7c
Datasets/captcha_images_v2/bnc2f.png,bnc2f
Datasets/captcha_images_v2/xcf88.png,xcf88
Datasets/captcha_images_v2/8cm46.png,8cm46
Datasets/captcha_images_v2/f8f8g.png,f8f8g
Datasets/captcha_images_v2/nfcwy.png,nfcwy
Datasets/captcha_images_v2/ng46m.png,ng46m
Datasets/captcha_images_v2/gny6b.png,gny6b
Datasets/captcha_images_v2/g7fmc.png,g7fmc
Datasets/captcha_images_v2/3xcgg.png,3xcgg
Datasets/captcha_images_v2/5ng6e.png,5ng6e
Datasets/captcha_images_v2/e667x.png,e667x
Datasets/captcha_images_v2/8bbm4.png,8bbm4
Datasets/captcha_images_v2/b5nmm.png,b5nmm
Datasets/captcha_images_v2/6dmx7.png,6dmx7
Datasets/captcha_images_v2/7m8px.png,7m8px
Datasets/captcha_images_v2/nbcgb.png,nbcgb
Datasets/captcha_images_v2/x44n4.png,x44n4
Datasets/captcha_images_v2/6c3p5.png,6c3p5
Datasets/captcha_images_v2/cgcgb.png,cgcgb
Datasets/captcha_images_v2/2fxgd.png,2fxgd
Datasets/captcha_images_v2/e43ym.png,e43ym
Datasets/captcha_images_v2/7bwm2.png,7bwm2
Datasets/captcha_images_v2/mpmy5.png,mpmy5
Datasets/captcha_images_v2/d666m.png,d666m
Datasets/captcha_images_v2/7wyp4.png,7wyp4
Datasets/captcha_images_v2/x8e8n.png,x8e8n
Datasets/captcha_images_v2/25p2m.png,25p2m
Datasets/captcha_images_v2/cnex4.png,cnex4
Datasets/captcha_images_v2/f35xp.png,f35xp
Datasets/captcha_images_v2/ywn6f.png,ywn6f
Datasets/captcha_images_v2/c8n8c.png,c8n8c
Datasets/captcha_images_v2/5nnff.png,5nnff
Datasets/captcha_images_v2/8npe3.png,8npe3
Datasets/captcha_images_v2/5dxnm.png,5dxnm
Datasets/captcha_images_v2/xmcym.png,xmcym
Datasets/captcha_images_v2/gw53m.png,gw53m
Datasets/captcha_images_v2/ffd6p.png,ffd6p
Datasets/captcha_images_v2/ncw4g.png,ncw4g
Datasets/captcha_images_v2/c2g4d.png,c2g4d
Datasets/captcha_images_v2/x38fn.png,x38fn
Datasets/captcha_images_v2/yw7ny.png,yw7ny
Datasets/captcha_images_v2/gd4mf.png,gd4mf
Datasets/captcha_images_v2/f858x.png,f858x
Datasets/captcha_images_v2/dbpcd.png,dbpcd
Datasets/captcha_images_v2/xxney.png,xxney
Datasets/captcha_images_v2/xnd3y.png,xnd3y
Datasets/captcha_images_v2/n4xx5.png,n4xx5
Datasets/captcha_images_v2/253dc.png,253dc
Datasets/captcha_images_v2/ffnxn.png,ffnxn
Datasets/captcha_images_v2/8ne4g.png,8ne4g
Datasets/captcha_images_v2/ycnfc.png,ycnfc
Datasets/captcha_images_v2/57gnx.png,57gnx
Datasets/captcha_images_v2/85dxn.png,85dxn
Datasets/captcha_images_v2/p24gn.png,p24gn
Datasets/captcha_images_v2/p6mn8.png,p6mn8
Datasets/captcha_images_v2/gdng3.png,gdng3
Datasets/captcha_images_v2/36w25.png,36w25
Datasets/captcha_images_v2/6m5eg.png,6m5eg
Datasets/captcha_images_v2/6bxwg.png,6bxwg
Datasets/captcha_images_v2/387g2.png,387g2
Datasets/captcha_images_v2/nfcb5.png,nfcb5
Datasets/captcha_images_v2/c5xne.png,c5xne
Datasets/captcha_images_v2/44fyb.png,44fyb
Datasets/captcha_images_v2/2356g.png,2356g
Datasets/captcha_images_v2/5x7x5.png,5x7x5
Datasets/captcha_images_v2/fc2ff.png,fc2ff
Datasets/captcha_images_v2/dn2ym.png,dn2ym
Datasets/captcha_images_v2/m75bf.png,m75bf
Datasets/captcha_images_v2/yf424.png,yf424
Datasets/captcha_images_v2/gp7c5.png,gp7c5
Datasets/captcha_images_v2/pbpgc.png,pbpgc
Datasets/captcha_images_v2/5n728.png,5n728
Datasets/captcha_images_v2/x7547.png,x7547
Datasets/captcha_images_v2/474ff.png,474ff
Datasets/captcha_images_v2/gf2g4.png,gf2g4
Datasets/captcha_images_v2/gc277.png,gc277
Datasets/captcha_images_v2/ddcne.png,ddcne
Datasets/captcha_images_v2/6fg8c.png,6fg8c
Datasets/captcha_images_v2/m3588.png,m3588
Datasets/captcha_images_v2/cb8cf.png,cb8cf
Datasets/captcha_images_v2/gn2xy.png,gn2xy
Datasets/captcha_images_v2/573bn.png,573bn
Datasets/captcha_images_v2/nbp3e.png,nbp3e
Datasets/captcha_images_v2/3eny7.png,3eny7
Datasets/captcha_images_v2/xfg65.png,xfg65
Datasets/captcha_images_v2/3n7mx.png,3n7mx
Datasets/captcha_images_v2/2mg87.png,2mg87
Datasets/captcha_images_v2/pf5ng.png,pf5ng
Datasets/captcha_images_v2/cfp86.png,cfp86
Datasets/captcha_images_v2/wmpmp.png,wmpmp
Datasets/captcha_images_v2/p5g5m.png,p5g5m
Datasets/captcha_images_v2/57wdp.png,57wdp
Datasets/captcha_images_v2/d8dce.png,d8dce
Datasets/captcha_images_v2/gnbn4.png,gnbn4
Datasets/captcha_images_v2/7gnge.png,7gnge
Datasets/captcha_images_v2/pmf5w.png,pmf5w
Datasets/captcha_images_v2/ep85x.png,ep85x
Datasets/captcha_images_v2/dnne7.png,dnne7
Datasets/captcha_images_v2/gnc3n.png,gnc3n
Datasets/captcha_images_v2/bw5ym.png,bw5ym
Datasets/captcha_images_v2/87nym.png,87nym
Datasets/captcha_images_v2/76y6f.png,76y6f
Datasets/captcha_images_v2/d236n.png,d236n
Datasets/captcha_images_v2/pcpg6.png,pcpg6
Datasets/captcha_images_v2/mgdwb.png,mgdwb
Datasets/captcha_images_v2/x362g.png,x362g
Datasets/captcha_images_v2/fdpgd.png,fdpgd
Datasets/captcha_images_v2/664dn.png,664dn
Datasets/captcha_images_v2/dpbyd.png,dpbyd
Datasets/captcha_images_v2/ymp7g.png,ymp7g
Datasets/captcha_images_v2/m74dm.png,m74dm
Datasets/captcha_images_v2/6f2yc.png,6f2yc
Datasets/captcha_images_v2/een23.png,een23
Datasets/captcha_images_v2/c7nn8.png,c7nn8
Datasets/captcha_images_v2/byfgn.png,byfgn
Datasets/captcha_images_v2/e8dxn.png,e8dxn
Datasets/captcha_images_v2/bgb48.png,bgb48
Datasets/captcha_images_v2/w4cnn.png,w4cnn
Datasets/captcha_images_v2/ygenn.png,ygenn
Datasets/captcha_images_v2/5nm6d.png,5nm6d
Datasets/captcha_images_v2/8684m.png,8684m
Datasets/captcha_images_v2/mp7wp.png,mp7wp
Datasets/captcha_images_v2/cpc8c.png,cpc8c
Datasets/captcha_images_v2/px2xp.png,px2xp
Datasets/captcha_images_v2/7gce6.png,7gce6
Datasets/captcha_images_v2/n3m6x.png,n3m6x
Datasets/captcha_images_v2/mmfm6.png,mmfm6
Datasets/captcha_images_v2/3ebnn.png,3ebnn
Datasets/captcha_images_v2/58b5m.png,58b5m
Datasets/captcha_images_v2/pcm7f.png,pcm7f
Datasets/captcha_images_v2/x347n.png,x347n
Datasets/captcha_images_v2/7mgmf.png,7mgmf
Datasets/captcha_images_v2/37d52.png,37d52
Datasets/captcha_images_v2/n3bm6.png,n3bm6
Datasets/captcha_images_v2/ef4mn.png,ef4mn
Datasets/captcha_images_v2/xymfn.png,xymfn
Datasets/captcha_images_v2/ddpyb.png,ddpyb
Datasets/captcha_images_v2/mm3nn.png,mm3nn
Datasets/captcha_images_v2/ypw3d.png,ypw3d
Datasets/captcha_images_v2/373gb.png,373gb
Datasets/captcha_images_v2/b35f6.png,b35f6
Datasets/captcha_images_v2/25egp.png,25egp
Datasets/captcha_images_v2/68x48.png,68x48
Datasets/captcha_images_v2/nxxf8.png,nxxf8
Datasets/captcha_images_v2/dce8y.png,dce8y
Datasets/captcha_images_v2/7cdge.png,7cdge
Datasets/captcha_images_v2/gfp54.png,gfp54
Datasets/captcha_images_v2/yy824.png,yy824
Datasets/captcha_images_v2/nn6mg.png,nn6mg
Datasets/captcha_images_v2/nf2n8.png,nf2n8
Datasets/captcha_images_v2/f22bn.png,f22bn
Datasets/captcha_images_v2/2cgyx.png,2cgyx
Datasets/captcha_images_v2/gwnm6.png,gwnm6
Datasets/captcha_images_v2/gpxng.png,gpxng
Datasets/captcha_images_v2/mc8w2.png,mc8w2
Datasets/captcha_images_v2/2mpnn.png,2mpnn
Datasets/captcha_images_v2/4d22m.png,4d22m
Datasets/captcha_images_v2/bc8nf.png,bc8nf
Datasets/captcha_images_v2/g55b4.png,g55b4
Datasets/captcha_images_v2/pe4xn.png,pe4xn
Datasets/captcha_images_v2/y7mnm.png,y7mnm
Datasets/captcha_images_v2/p7fyp.png,p7fyp
Datasets/captcha_images_v2/7e2y7.png,7e2y7
Datasets/captcha_images_v2/2wc38.png,2wc38
Datasets/captcha_images_v2/3fbxd.png,3fbxd
Datasets/captcha_images_v2/pyefb.png,pyefb
Datasets/captcha_images_v2/m3wfw.png,m3wfw
Datasets/captcha_images_v2/x3deb.png,x3deb
Datasets/captcha_images_v2/mwdf6.png,mwdf6
Datasets/captcha_images_v2/e84n2.png,e84n2
Datasets/captcha_images_v2/33n73.png,33n73
Datasets/captcha_images_v2/3ygde.png,3ygde
Datasets/captcha_images_v2/nnn57.png,nnn57
Datasets/captcha_images_v2/4w76g.png,4w76g
Datasets/captcha_images_v2/fg8n4.png,fg8n4
Datasets/captcha_images_v2/g247w.png,g247w
Datasets/captcha_images_v2/6xen4.png,6xen4
Datasets/captcha_images_v2/e7x45.png,e7x45
Datasets/captcha_images_v2/6mygb.png,6mygb
Datasets/captcha_images_v2/eppg3.png,eppg3
Datasets/captcha_images_v2/e2mg2.png,e2mg2
Datasets/captcha_images_v2/2g7nm.png,2g7nm
Datasets/captcha_images_v2/n6xc5.png,n6xc5
Datasets/captcha_images_v2/32cnn.png,32cnn
Datasets/captcha_images_v2/pmg55.png,pmg55
Datasets/captcha_images_v2/76nxn.png,76nxn
Datasets/captcha_images_v2/d22bd.png,d22bd
Datasets/captcha_images_v2/6wg4n.png,6wg4n
Datasets/captcha_images_v2/52447.png,52447
Datasets/captcha_images_v2/wbncw.png,wbncw
Datasets/captcha_images_v2/x8xnp.png,x8xnp
Datasets/captcha_images_v2/cpe63.png,cpe63
Datasets/captcha_images_v2/4ynf3.png,4ynf3
Datasets/captcha_images_v2/6pwcn.png,6pwcn
Datasets/captcha_images_v2/8gmc4.png,8gmc4
Datasets/captcha_images_v2/wf684.png,wf684
Datasets/captcha_images_v2/467d5.png,467d5
Datasets/captcha_images_v2/mc35n.png,mc35n
Datasets/captcha_images_v2/byc82.png,byc82
Datasets/captcha_images_v2/xemyg.png,xemyg
Datasets/captcha_images_v2/m8gmx.png,m8gmx
Datasets/captcha_images_v2/fg7mg.png,fg7mg
Datasets/captcha_images_v2/nwncn.png,nwncn
